"book_id","book_title","article_code","article_label","word_count","status","document_1_label","document_1_full_pdf","document_1_sample_pdf","document_1_preview_png","document_2_label","document_2_full_pdf","document_2_sample_pdf","document_2_preview_png","note_draft_url","upload_status"
"31","古典単語315　四訂版","RRS","ランダム赤シート","315","ready","通常一覧（ランダム）","31/rrs/31__rrs__standard-list-random__full.pdf","31/rrs/31__rrs__standard-list-random__sample.pdf","31/rrs/31__rrs__standard-list-random__preview.png","日本語赤字一覧（ランダム）","31/rrs/31__rrs__redsheet-list-random__full.pdf","31/rrs/31__rrs__redsheet-list-random__sample.pdf","31/rrs/31__rrs__redsheet-list-random__preview.png","","ready-for-note-draft"
"31","古典単語315　四訂版","E","英語空欄","315","ready","英語空欄テスト","31/e/31__e__english-blank-test__full.pdf","31/e/31__e__english-blank-test__sample.pdf","31/e/31__e__english-blank-test__preview.png","解答","31/e/31__e__answer__full.pdf","31/e/31__e__answer__sample.pdf","31/e/31__e__answer__preview.png","","ready-for-note-draft"
"46","中学英単語ターゲット1800　4訂版","N","通常・日本語空欄","1800","ready","日本語空欄テスト","46/n/46__n__japanese-blank-test__full.pdf","46/n/46__n__japanese-blank-test__sample.pdf","46/n/46__n__japanese-blank-test__preview.png","解答","46/n/46__n__answer__full.pdf","46/n/46__n__answer__sample.pdf","46/n/46__n__answer__preview.png","","ready-for-note-draft"
"46","中学英単語ターゲット1800　4訂版","R","ランダム・日本語空欄","1800","ready","日本語空欄テスト（ランダム）","46/r/46__r__japanese-blank-test-random__full.pdf","46/r/46__r__japanese-blank-test-random__sample.pdf","46/r/46__r__japanese-blank-test-random__preview.png","解答（ランダム）","46/r/46__r__answer-random__full.pdf","46/r/46__r__answer-random__sample.pdf","46/r/46__r__answer-random__preview.png","","ready-for-note-draft"
"46","中学英単語ターゲット1800　4訂版","RS","赤シート","1800","ready","通常一覧","46/rs/46__rs__standard-list__full.pdf","46/rs/46__rs__standard-list__sample.pdf","46/rs/46__rs__standard-list__preview.png","日本語赤字一覧","46/rs/46__rs__redsheet-list__full.pdf","46/rs/46__rs__redsheet-list__sample.pdf","46/rs/46__rs__redsheet-list__preview.png","","ready-for-note-draft"
"46","中学英単語ターゲット1800　4訂版","RRS","ランダム赤シート","1800","ready","通常一覧（ランダム）","46/rrs/46__rrs__standard-list-random__full.pdf","46/rrs/46__rrs__standard-list-random__sample.pdf","46/rrs/46__rrs__standard-list-random__preview.png","日本語赤字一覧（ランダム）","46/rrs/46__rrs__redsheet-list-random__full.pdf","46/rrs/46__rrs__redsheet-list-random__sample.pdf","46/rrs/46__rrs__redsheet-list-random__preview.png","","ready-for-note-draft"
"46","中学英単語ターゲット1800　4訂版","E","英語空欄","1800","ready","英語空欄テスト","46/e/46__e__english-blank-test__full.pdf","46/e/46__e__english-blank-test__sample.pdf","46/e/46__e__english-blank-test__preview.png","解答","46/e/46__e__answer__full.pdf","46/e/46__e__answer__sample.pdf","46/e/46__e__answer__preview.png","","ready-for-note-draft"
"47","速読英熟語","R","ランダム・日本語空欄","855","ready","日本語空欄テスト（ランダム）","47/r/47__r__japanese-blank-test-random__full.pdf","47/r/47__r__japanese-blank-test-random__sample.pdf","47/r/47__r__japanese-blank-test-random__preview.png","解答（ランダム）","47/r/47__r__answer-random__full.pdf","47/r/47__r__answer-random__sample.pdf","47/r/47__r__answer-random__preview.png","","ready-for-note-draft"
"47","速読英熟語","RS","赤シート","855","ready","通常一覧","47/rs/47__rs__standard-list__full.pdf","47/rs/47__rs__standard-list__sample.pdf","47/rs/47__rs__standard-list__preview.png","日本語赤字一覧","47/rs/47__rs__redsheet-list__full.pdf","47/rs/47__rs__redsheet-list__sample.pdf","47/rs/47__rs__redsheet-list__preview.png","","ready-for-note-draft"
"47","速読英熟語","RRS","ランダム赤シート","855","ready","通常一覧（ランダム）","47/rrs/47__rrs__standard-list-random__full.pdf","47/rrs/47__rrs__standard-list-random__sample.pdf","47/rrs/47__rrs__standard-list-random__preview.png","日本語赤字一覧（ランダム）","47/rrs/47__rrs__redsheet-list-random__full.pdf","47/rrs/47__rrs__redsheet-list-random__sample.pdf","47/rrs/47__rrs__redsheet-list-random__preview.png","","ready-for-note-draft"
"47","速読英熟語","E","英語空欄","855","ready","英語空欄テスト","47/e/47__e__english-blank-test__full.pdf","47/e/47__e__english-blank-test__sample.pdf","47/e/47__e__english-blank-test__preview.png","解答","47/e/47__e__answer__full.pdf","47/e/47__e__answer__sample.pdf","47/e/47__e__answer__preview.png","","ready-for-note-draft"
"58","Stock 3000","R","ランダム・日本語空欄","1526","ready","日本語空欄テスト（ランダム）","58/r/58__r__japanese-blank-test-random__full.pdf","58/r/58__r__japanese-blank-test-random__sample.pdf","58/r/58__r__japanese-blank-test-random__preview.png","解答（ランダム）","58/r/58__r__answer-random__full.pdf","58/r/58__r__answer-random__sample.pdf","58/r/58__r__answer-random__preview.png","","ready-for-note-draft"
"58","Stock 3000","RS","赤シート","1526","ready","通常一覧","58/rs/58__rs__standard-list__full.pdf","58/rs/58__rs__standard-list__sample.pdf","58/rs/58__rs__standard-list__preview.png","日本語赤字一覧","58/rs/58__rs__redsheet-list__full.pdf","58/rs/58__rs__redsheet-list__sample.pdf","58/rs/58__rs__redsheet-list__preview.png","","ready-for-note-draft"
"58","Stock 3000","RRS","ランダム赤シート","1526","ready","通常一覧（ランダム）","58/rrs/58__rrs__standard-list-random__full.pdf","58/rrs/58__rrs__standard-list-random__sample.pdf","58/rrs/58__rrs__standard-list-random__preview.png","日本語赤字一覧（ランダム）","58/rrs/58__rrs__redsheet-list-random__full.pdf","58/rrs/58__rrs__redsheet-list-random__sample.pdf","58/rrs/58__rrs__redsheet-list-random__preview.png","","ready-for-note-draft"
"58","Stock 3000","E","英語空欄","1526","ready","英語空欄テスト","58/e/58__e__english-blank-test__full.pdf","58/e/58__e__english-blank-test__sample.pdf","58/e/58__e__english-blank-test__preview.png","解答","58/e/58__e__answer__full.pdf","58/e/58__e__answer__sample.pdf","58/e/58__e__answer__preview.png","","ready-for-note-draft"
"59","Stock 4500","R","ランダム・日本語空欄","2155","ready","日本語空欄テスト（ランダム）","59/r/59__r__japanese-blank-test-random__full.pdf","59/r/59__r__japanese-blank-test-random__sample.pdf","59/r/59__r__japanese-blank-test-random__preview.png","解答（ランダム）","59/r/59__r__answer-random__full.pdf","59/r/59__r__answer-random__sample.pdf","59/r/59__r__answer-random__preview.png","","ready-for-note-draft"
"59","Stock 4500","RS","赤シート","2155","ready","通常一覧","59/rs/59__rs__standard-list__full.pdf","59/rs/59__rs__standard-list__sample.pdf","59/rs/59__rs__standard-list__preview.png","日本語赤字一覧","59/rs/59__rs__redsheet-list__full.pdf","59/rs/59__rs__redsheet-list__sample.pdf","59/rs/59__rs__redsheet-list__preview.png","","ready-for-note-draft"
"59","Stock 4500","RRS","ランダム赤シート","2155","ready","通常一覧（ランダム）","59/rrs/59__rrs__standard-list-random__full.pdf","59/rrs/59__rrs__standard-list-random__sample.pdf","59/rrs/59__rrs__standard-list-random__preview.png","日本語赤字一覧（ランダム）","59/rrs/59__rrs__redsheet-list-random__full.pdf","59/rrs/59__rrs__redsheet-list-random__sample.pdf","59/rrs/59__rrs__redsheet-list-random__preview.png","","ready-for-note-draft"
"59","Stock 4500","E","英語空欄","2155","ready","英語空欄テスト","59/e/59__e__english-blank-test__full.pdf","59/e/59__e__english-blank-test__sample.pdf","59/e/59__e__english-blank-test__preview.png","解答","59/e/59__e__answer__full.pdf","59/e/59__e__answer__sample.pdf","59/e/59__e__answer__preview.png","","ready-for-note-draft"
"60","速読英単語 改訂第7版","R","ランダム・日本語空欄","1944","ready","日本語空欄テスト（ランダム）","60/r/60__r__japanese-blank-test-random__full.pdf","60/r/60__r__japanese-blank-test-random__sample.pdf","60/r/60__r__japanese-blank-test-random__preview.png","解答（ランダム）","60/r/60__r__answer-random__full.pdf","60/r/60__r__answer-random__sample.pdf","60/r/60__r__answer-random__preview.png","","ready-for-note-draft"
"60","速読英単語 改訂第7版","RS","赤シート","1944","ready","通常一覧","60/rs/60__rs__standard-list__full.pdf","60/rs/60__rs__standard-list__sample.pdf","60/rs/60__rs__standard-list__preview.png","日本語赤字一覧","60/rs/60__rs__redsheet-list__full.pdf","60/rs/60__rs__redsheet-list__sample.pdf","60/rs/60__rs__redsheet-list__preview.png","","ready-for-note-draft"
"60","速読英単語 改訂第7版","RRS","ランダム赤シート","1944","ready","通常一覧（ランダム）","60/rrs/60__rrs__standard-list-random__full.pdf","60/rrs/60__rrs__standard-list-random__sample.pdf","60/rrs/60__rrs__standard-list-random__preview.png","日本語赤字一覧（ランダム）","60/rrs/60__rrs__redsheet-list-random__full.pdf","60/rrs/60__rrs__redsheet-list-random__sample.pdf","60/rrs/60__rrs__redsheet-list-random__preview.png","","ready-for-note-draft"
"60","速読英単語 改訂第7版","E","英語空欄","1944","ready","英語空欄テスト","60/e/60__e__english-blank-test__full.pdf","60/e/60__e__english-blank-test__sample.pdf","60/e/60__e__english-blank-test__preview.png","解答","60/e/60__e__answer__full.pdf","60/e/60__e__answer__sample.pdf","60/e/60__e__answer__preview.png","","ready-for-note-draft"
"69","英検4級　出る順パス単　新装5訂版","R","ランダム・日本語空欄","800","ready","日本語空欄テスト（ランダム）","69/r/69__r__japanese-blank-test-random__full.pdf","69/r/69__r__japanese-blank-test-random__sample.pdf","69/r/69__r__japanese-blank-test-random__preview.png","解答（ランダム）","69/r/69__r__answer-random__full.pdf","69/r/69__r__answer-random__sample.pdf","69/r/69__r__answer-random__preview.png","","ready-for-note-draft"
"69","英検4級　出る順パス単　新装5訂版","RS","赤シート","800","ready","通常一覧","69/rs/69__rs__standard-list__full.pdf","69/rs/69__rs__standard-list__sample.pdf","69/rs/69__rs__standard-list__preview.png","日本語赤字一覧","69/rs/69__rs__redsheet-list__full.pdf","69/rs/69__rs__redsheet-list__sample.pdf","69/rs/69__rs__redsheet-list__preview.png","","ready-for-note-draft"
"69","英検4級　出る順パス単　新装5訂版","RRS","ランダム赤シート","800","ready","通常一覧（ランダム）","69/rrs/69__rrs__standard-list-random__full.pdf","69/rrs/69__rrs__standard-list-random__sample.pdf","69/rrs/69__rrs__standard-list-random__preview.png","日本語赤字一覧（ランダム）","69/rrs/69__rrs__redsheet-list-random__full.pdf","69/rrs/69__rrs__redsheet-list-random__sample.pdf","69/rrs/69__rrs__redsheet-list-random__preview.png","","ready-for-note-draft"
"69","英検4級　出る順パス単　新装5訂版","E","英語空欄","800","ready","英語空欄テスト","69/e/69__e__english-blank-test__full.pdf","69/e/69__e__english-blank-test__sample.pdf","69/e/69__e__english-blank-test__preview.png","解答","69/e/69__e__answer__full.pdf","69/e/69__e__answer__sample.pdf","69/e/69__e__answer__preview.png","","ready-for-note-draft"
"70","英検5級　出る順パス単　5改訂版","N","通常・日本語空欄","690","ready","日本語空欄テスト","70/n/70__n__japanese-blank-test__full.pdf","70/n/70__n__japanese-blank-test__sample.pdf","70/n/70__n__japanese-blank-test__preview.png","解答","70/n/70__n__answer__full.pdf","70/n/70__n__answer__sample.pdf","70/n/70__n__answer__preview.png","","ready-for-note-draft"
"70","英検5級　出る順パス単　5改訂版","R","ランダム・日本語空欄","690","ready","日本語空欄テスト（ランダム）","70/r/70__r__japanese-blank-test-random__full.pdf","70/r/70__r__japanese-blank-test-random__sample.pdf","70/r/70__r__japanese-blank-test-random__preview.png","解答（ランダム）","70/r/70__r__answer-random__full.pdf","70/r/70__r__answer-random__sample.pdf","70/r/70__r__answer-random__preview.png","","ready-for-note-draft"
"70","英検5級　出る順パス単　5改訂版","RS","赤シート","690","ready","通常一覧","70/rs/70__rs__standard-list__full.pdf","70/rs/70__rs__standard-list__sample.pdf","70/rs/70__rs__standard-list__preview.png","日本語赤字一覧","70/rs/70__rs__redsheet-list__full.pdf","70/rs/70__rs__redsheet-list__sample.pdf","70/rs/70__rs__redsheet-list__preview.png","","ready-for-note-draft"
"70","英検5級　出る順パス単　5改訂版","RRS","ランダム赤シート","690","ready","通常一覧（ランダム）","70/rrs/70__rrs__standard-list-random__full.pdf","70/rrs/70__rrs__standard-list-random__sample.pdf","70/rrs/70__rrs__standard-list-random__preview.png","日本語赤字一覧（ランダム）","70/rrs/70__rrs__redsheet-list-random__full.pdf","70/rrs/70__rrs__redsheet-list-random__sample.pdf","70/rrs/70__rrs__redsheet-list-random__preview.png","","ready-for-note-draft"
"70","英検5級　出る順パス単　5改訂版","E","英語空欄","690","ready","英語空欄テスト","70/e/70__e__english-blank-test__full.pdf","70/e/70__e__english-blank-test__sample.pdf","70/e/70__e__english-blank-test__preview.png","解答","70/e/70__e__answer__full.pdf","70/e/70__e__answer__sample.pdf","70/e/70__e__answer__preview.png","","ready-for-note-draft"
"71","TOEIC金のフレーズ 増補改訂版","N","通常・日本語空欄","1836","ready","日本語空欄テスト","71/n/71__n__japanese-blank-test__full.pdf","71/n/71__n__japanese-blank-test__sample.pdf","71/n/71__n__japanese-blank-test__preview.png","解答","71/n/71__n__answer__full.pdf","71/n/71__n__answer__sample.pdf","71/n/71__n__answer__preview.png","","ready-for-note-draft"
"71","TOEIC金のフレーズ 増補改訂版","R","ランダム・日本語空欄","1836","ready","日本語空欄テスト（ランダム）","71/r/71__r__japanese-blank-test-random__full.pdf","71/r/71__r__japanese-blank-test-random__sample.pdf","71/r/71__r__japanese-blank-test-random__preview.png","解答（ランダム）","71/r/71__r__answer-random__full.pdf","71/r/71__r__answer-random__sample.pdf","71/r/71__r__answer-random__preview.png","","ready-for-note-draft"
"71","TOEIC金のフレーズ 増補改訂版","RS","赤シート","1836","ready","通常一覧","71/rs/71__rs__standard-list__full.pdf","71/rs/71__rs__standard-list__sample.pdf","71/rs/71__rs__standard-list__preview.png","日本語赤字一覧","71/rs/71__rs__redsheet-list__full.pdf","71/rs/71__rs__redsheet-list__sample.pdf","71/rs/71__rs__redsheet-list__preview.png","","ready-for-note-draft"
"71","TOEIC金のフレーズ 増補改訂版","RRS","ランダム赤シート","1836","ready","通常一覧（ランダム）","71/rrs/71__rrs__standard-list-random__full.pdf","71/rrs/71__rrs__standard-list-random__sample.pdf","71/rrs/71__rrs__standard-list-random__preview.png","日本語赤字一覧（ランダム）","71/rrs/71__rrs__redsheet-list-random__full.pdf","71/rrs/71__rrs__redsheet-list-random__sample.pdf","71/rrs/71__rrs__redsheet-list-random__preview.png","","ready-for-note-draft"
"71","TOEIC金のフレーズ 増補改訂版","E","英語空欄","1836","ready","英語空欄テスト","71/e/71__e__english-blank-test__full.pdf","71/e/71__e__english-blank-test__sample.pdf","71/e/71__e__english-blank-test__preview.png","解答","71/e/71__e__answer__full.pdf","71/e/71__e__answer__sample.pdf","71/e/71__e__answer__preview.png","","ready-for-note-draft"
"74","システム英単語 Basic","N","通常・日本語空欄","1500","ready","日本語空欄テスト","74/n/74__n__japanese-blank-test__full.pdf","74/n/74__n__japanese-blank-test__sample.pdf","74/n/74__n__japanese-blank-test__preview.png","解答","74/n/74__n__answer__full.pdf","74/n/74__n__answer__sample.pdf","74/n/74__n__answer__preview.png","","ready-for-note-draft"
"74","システム英単語 Basic","R","ランダム・日本語空欄","1500","ready","日本語空欄テスト（ランダム）","74/r/74__r__japanese-blank-test-random__full.pdf","74/r/74__r__japanese-blank-test-random__sample.pdf","74/r/74__r__japanese-blank-test-random__preview.png","解答（ランダム）","74/r/74__r__answer-random__full.pdf","74/r/74__r__answer-random__sample.pdf","74/r/74__r__answer-random__preview.png","","ready-for-note-draft"
"74","システム英単語 Basic","RS","赤シート","1500","ready","通常一覧","74/rs/74__rs__standard-list__full.pdf","74/rs/74__rs__standard-list__sample.pdf","74/rs/74__rs__standard-list__preview.png","日本語赤字一覧","74/rs/74__rs__redsheet-list__full.pdf","74/rs/74__rs__redsheet-list__sample.pdf","74/rs/74__rs__redsheet-list__preview.png","","ready-for-note-draft"
"74","システム英単語 Basic","RRS","ランダム赤シート","1500","ready","通常一覧（ランダム）","74/rrs/74__rrs__standard-list-random__full.pdf","74/rrs/74__rrs__standard-list-random__sample.pdf","74/rrs/74__rrs__standard-list-random__preview.png","日本語赤字一覧（ランダム）","74/rrs/74__rrs__redsheet-list-random__full.pdf","74/rrs/74__rrs__redsheet-list-random__sample.pdf","74/rrs/74__rrs__redsheet-list-random__preview.png","","ready-for-note-draft"
"74","システム英単語 Basic","E","英語空欄","1500","ready","英語空欄テスト","74/e/74__e__english-blank-test__full.pdf","74/e/74__e__english-blank-test__sample.pdf","74/e/74__e__english-blank-test__preview.png","解答","74/e/74__e__answer__full.pdf","74/e/74__e__answer__sample.pdf","74/e/74__e__answer__preview.png","","ready-for-note-draft"
"75","システム英熟語 5訂版","N","通常・日本語空欄","1657","ready","日本語空欄テスト","75/n/75__n__japanese-blank-test__full.pdf","75/n/75__n__japanese-blank-test__sample.pdf","75/n/75__n__japanese-blank-test__preview.png","解答","75/n/75__n__answer__full.pdf","75/n/75__n__answer__sample.pdf","75/n/75__n__answer__preview.png","","ready-for-note-draft"
"75","システム英熟語 5訂版","R","ランダム・日本語空欄","1657","ready","日本語空欄テスト（ランダム）","75/r/75__r__japanese-blank-test-random__full.pdf","75/r/75__r__japanese-blank-test-random__sample.pdf","75/r/75__r__japanese-blank-test-random__preview.png","解答（ランダム）","75/r/75__r__answer-random__full.pdf","75/r/75__r__answer-random__sample.pdf","75/r/75__r__answer-random__preview.png","","ready-for-note-draft"
"75","システム英熟語 5訂版","RS","赤シート","1657","ready","通常一覧","75/rs/75__rs__standard-list__full.pdf","75/rs/75__rs__standard-list__sample.pdf","75/rs/75__rs__standard-list__preview.png","日本語赤字一覧","75/rs/75__rs__redsheet-list__full.pdf","75/rs/75__rs__redsheet-list__sample.pdf","75/rs/75__rs__redsheet-list__preview.png","","ready-for-note-draft"
"75","システム英熟語 5訂版","RRS","ランダム赤シート","1657","ready","通常一覧（ランダム）","75/rrs/75__rrs__standard-list-random__full.pdf","75/rrs/75__rrs__standard-list-random__sample.pdf","75/rrs/75__rrs__standard-list-random__preview.png","日本語赤字一覧（ランダム）","75/rrs/75__rrs__redsheet-list-random__full.pdf","75/rrs/75__rrs__redsheet-list-random__sample.pdf","75/rrs/75__rrs__redsheet-list-random__preview.png","","ready-for-note-draft"
"75","システム英熟語 5訂版","E","英語空欄","1657","ready","英語空欄テスト","75/e/75__e__english-blank-test__full.pdf","75/e/75__e__english-blank-test__sample.pdf","75/e/75__e__english-blank-test__preview.png","解答","75/e/75__e__answer__full.pdf","75/e/75__e__answer__sample.pdf","75/e/75__e__answer__preview.png","","ready-for-note-draft"
"76","速読英単語 必修編 改訂第8版","R","ランダム・日本語空欄","1903","ready","日本語空欄テスト（ランダム）","76/r/76__r__japanese-blank-test-random__full.pdf","76/r/76__r__japanese-blank-test-random__sample.pdf","76/r/76__r__japanese-blank-test-random__preview.png","解答（ランダム）","76/r/76__r__answer-random__full.pdf","76/r/76__r__answer-random__sample.pdf","76/r/76__r__answer-random__preview.png","","ready-for-note-draft"
"76","速読英単語 必修編 改訂第8版","RS","赤シート","1903","ready","通常一覧","76/rs/76__rs__standard-list__full.pdf","76/rs/76__rs__standard-list__sample.pdf","76/rs/76__rs__standard-list__preview.png","日本語赤字一覧","76/rs/76__rs__redsheet-list__full.pdf","76/rs/76__rs__redsheet-list__sample.pdf","76/rs/76__rs__redsheet-list__preview.png","","ready-for-note-draft"
"76","速読英単語 必修編 改訂第8版","RRS","ランダム赤シート","1903","ready","通常一覧（ランダム）","76/rrs/76__rrs__standard-list-random__full.pdf","76/rrs/76__rrs__standard-list-random__sample.pdf","76/rrs/76__rrs__standard-list-random__preview.png","日本語赤字一覧（ランダム）","76/rrs/76__rrs__redsheet-list-random__full.pdf","76/rrs/76__rrs__redsheet-list-random__sample.pdf","76/rrs/76__rrs__redsheet-list-random__preview.png","","ready-for-note-draft"
"76","速読英単語 必修編 改訂第8版","E","英語空欄","1903","ready","英語空欄テスト","76/e/76__e__english-blank-test__full.pdf","76/e/76__e__english-blank-test__sample.pdf","76/e/76__e__english-blank-test__preview.png","解答","76/e/76__e__answer__full.pdf","76/e/76__e__answer__sample.pdf","76/e/76__e__answer__preview.png","","ready-for-note-draft"
"77","速読英単語 中学　改訂版","R","ランダム・日本語空欄","2000","ready","日本語空欄テスト（ランダム）","77/r/77__r__japanese-blank-test-random__full.pdf","77/r/77__r__japanese-blank-test-random__sample.pdf","77/r/77__r__japanese-blank-test-random__preview.png","解答（ランダム）","77/r/77__r__answer-random__full.pdf","77/r/77__r__answer-random__sample.pdf","77/r/77__r__answer-random__preview.png","","ready-for-note-draft"
"77","速読英単語 中学　改訂版","RS","赤シート","2000","ready","通常一覧","77/rs/77__rs__standard-list__full.pdf","77/rs/77__rs__standard-list__sample.pdf","77/rs/77__rs__standard-list__preview.png","日本語赤字一覧","77/rs/77__rs__redsheet-list__full.pdf","77/rs/77__rs__redsheet-list__sample.pdf","77/rs/77__rs__redsheet-list__preview.png","","ready-for-note-draft"
"77","速読英単語 中学　改訂版","RRS","ランダム赤シート","2000","ready","通常一覧（ランダム）","77/rrs/77__rrs__standard-list-random__full.pdf","77/rrs/77__rrs__standard-list-random__sample.pdf","77/rrs/77__rrs__standard-list-random__preview.png","日本語赤字一覧（ランダム）","77/rrs/77__rrs__redsheet-list-random__full.pdf","77/rrs/77__rrs__redsheet-list-random__sample.pdf","77/rrs/77__rrs__redsheet-list-random__preview.png","","ready-for-note-draft"
"77","速読英単語 中学　改訂版","E","英語空欄","2000","ready","英語空欄テスト","77/e/77__e__english-blank-test__full.pdf","77/e/77__e__english-blank-test__sample.pdf","77/e/77__e__english-blank-test__preview.png","解答","77/e/77__e__answer__full.pdf","77/e/77__e__answer__sample.pdf","77/e/77__e__answer__preview.png","","ready-for-note-draft"
"78","大学入試英単語 SPARTA3","N","通常・日本語空欄","1000","ready","日本語空欄テスト","78/n/78__n__japanese-blank-test__full.pdf","78/n/78__n__japanese-blank-test__sample.pdf","78/n/78__n__japanese-blank-test__preview.png","解答","78/n/78__n__answer__full.pdf","78/n/78__n__answer__sample.pdf","78/n/78__n__answer__preview.png","","ready-for-note-draft"
"78","大学入試英単語 SPARTA3","R","ランダム・日本語空欄","1000","ready","日本語空欄テスト（ランダム）","78/r/78__r__japanese-blank-test-random__full.pdf","78/r/78__r__japanese-blank-test-random__sample.pdf","78/r/78__r__japanese-blank-test-random__preview.png","解答（ランダム）","78/r/78__r__answer-random__full.pdf","78/r/78__r__answer-random__sample.pdf","78/r/78__r__answer-random__preview.png","","ready-for-note-draft"
"78","大学入試英単語 SPARTA3","RS","赤シート","1000","ready","通常一覧","78/rs/78__rs__standard-list__full.pdf","78/rs/78__rs__standard-list__sample.pdf","78/rs/78__rs__standard-list__preview.png","日本語赤字一覧","78/rs/78__rs__redsheet-list__full.pdf","78/rs/78__rs__redsheet-list__sample.pdf","78/rs/78__rs__redsheet-list__preview.png","","ready-for-note-draft"
"78","大学入試英単語 SPARTA3","RRS","ランダム赤シート","1000","ready","通常一覧（ランダム）","78/rrs/78__rrs__standard-list-random__full.pdf","78/rrs/78__rrs__standard-list-random__sample.pdf","78/rrs/78__rrs__standard-list-random__preview.png","日本語赤字一覧（ランダム）","78/rrs/78__rrs__redsheet-list-random__full.pdf","78/rrs/78__rrs__redsheet-list-random__sample.pdf","78/rrs/78__rrs__redsheet-list-random__preview.png","","ready-for-note-draft"
"78","大学入試英単語 SPARTA3","E","英語空欄","1000","ready","英語空欄テスト","78/e/78__e__english-blank-test__full.pdf","78/e/78__e__english-blank-test__sample.pdf","78/e/78__e__english-blank-test__preview.png","解答","78/e/78__e__answer__full.pdf","78/e/78__e__answer__sample.pdf","78/e/78__e__answer__preview.png","","ready-for-note-draft"
"79","古文単語330　4訂版","R","ランダム・日本語空欄","330","ready","日本語空欄テスト（ランダム）","79/r/79__r__japanese-blank-test-random__full.pdf","79/r/79__r__japanese-blank-test-random__sample.pdf","79/r/79__r__japanese-blank-test-random__preview.png","解答（ランダム）","79/r/79__r__answer-random__full.pdf","79/r/79__r__answer-random__sample.pdf","79/r/79__r__answer-random__preview.png","","ready-for-note-draft"
"79","古文単語330　4訂版","RS","赤シート","330","ready","通常一覧","79/rs/79__rs__standard-list__full.pdf","79/rs/79__rs__standard-list__sample.pdf","79/rs/79__rs__standard-list__preview.png","日本語赤字一覧","79/rs/79__rs__redsheet-list__full.pdf","79/rs/79__rs__redsheet-list__sample.pdf","79/rs/79__rs__redsheet-list__preview.png","","ready-for-note-draft"
"79","古文単語330　4訂版","RRS","ランダム赤シート","330","ready","通常一覧（ランダム）","79/rrs/79__rrs__standard-list-random__full.pdf","79/rrs/79__rrs__standard-list-random__sample.pdf","79/rrs/79__rrs__standard-list-random__preview.png","日本語赤字一覧（ランダム）","79/rrs/79__rrs__redsheet-list-random__full.pdf","79/rrs/79__rrs__redsheet-list-random__sample.pdf","79/rrs/79__rrs__redsheet-list-random__preview.png","","ready-for-note-draft"
"79","古文単語330　4訂版","E","英語空欄","330","ready","英語空欄テスト","79/e/79__e__english-blank-test__full.pdf","79/e/79__e__english-blank-test__sample.pdf","79/e/79__e__english-blank-test__preview.png","解答","79/e/79__e__answer__full.pdf","79/e/79__e__answer__sample.pdf","79/e/79__e__answer__preview.png","","ready-for-note-draft"
"80","LEAP Basic 改訂版","R","ランダム・日本語空欄","1800","ready","日本語空欄テスト（ランダム）","80/r/80__r__japanese-blank-test-random__full.pdf","80/r/80__r__japanese-blank-test-random__sample.pdf","80/r/80__r__japanese-blank-test-random__preview.png","解答（ランダム）","80/r/80__r__answer-random__full.pdf","80/r/80__r__answer-random__sample.pdf","80/r/80__r__answer-random__preview.png","","ready-for-note-draft"
"80","LEAP Basic 改訂版","RS","赤シート","1800","ready","通常一覧","80/rs/80__rs__standard-list__full.pdf","80/rs/80__rs__standard-list__sample.pdf","80/rs/80__rs__standard-list__preview.png","日本語赤字一覧","80/rs/80__rs__redsheet-list__full.pdf","80/rs/80__rs__redsheet-list__sample.pdf","80/rs/80__rs__redsheet-list__preview.png","","ready-for-note-draft"
"80","LEAP Basic 改訂版","RRS","ランダム赤シート","1800","ready","通常一覧（ランダム）","80/rrs/80__rrs__standard-list-random__full.pdf","80/rrs/80__rrs__standard-list-random__sample.pdf","80/rrs/80__rrs__standard-list-random__preview.png","日本語赤字一覧（ランダム）","80/rrs/80__rrs__redsheet-list-random__full.pdf","80/rrs/80__rrs__redsheet-list-random__sample.pdf","80/rrs/80__rrs__redsheet-list-random__preview.png","","ready-for-note-draft"
"80","LEAP Basic 改訂版","E","英語空欄","1800","ready","英語空欄テスト","80/e/80__e__english-blank-test__full.pdf","80/e/80__e__english-blank-test__sample.pdf","80/e/80__e__english-blank-test__preview.png","解答","80/e/80__e__answer__full.pdf","80/e/80__e__answer__sample.pdf","80/e/80__e__answer__preview.png","","ready-for-note-draft"
"81","実践IELTS 英単語3500 改訂版","N","通常・日本語空欄","3499","ready","日本語空欄テスト","81/n/81__n__japanese-blank-test__full.pdf","81/n/81__n__japanese-blank-test__sample.pdf","81/n/81__n__japanese-blank-test__preview.png","解答","81/n/81__n__answer__full.pdf","81/n/81__n__answer__sample.pdf","81/n/81__n__answer__preview.png","","ready-for-note-draft"
"81","実践IELTS 英単語3500 改訂版","R","ランダム・日本語空欄","3499","ready","日本語空欄テスト（ランダム）","81/r/81__r__japanese-blank-test-random__full.pdf","81/r/81__r__japanese-blank-test-random__sample.pdf","81/r/81__r__japanese-blank-test-random__preview.png","解答（ランダム）","81/r/81__r__answer-random__full.pdf","81/r/81__r__answer-random__sample.pdf","81/r/81__r__answer-random__preview.png","","ready-for-note-draft"
"81","実践IELTS 英単語3500 改訂版","RS","赤シート","3499","ready","通常一覧","81/rs/81__rs__standard-list__full.pdf","81/rs/81__rs__standard-list__sample.pdf","81/rs/81__rs__standard-list__preview.png","日本語赤字一覧","81/rs/81__rs__redsheet-list__full.pdf","81/rs/81__rs__redsheet-list__sample.pdf","81/rs/81__rs__redsheet-list__preview.png","","ready-for-note-draft"
"81","実践IELTS 英単語3500 改訂版","RRS","ランダム赤シート","3499","ready","通常一覧（ランダム）","81/rrs/81__rrs__standard-list-random__full.pdf","81/rrs/81__rrs__standard-list-random__sample.pdf","81/rrs/81__rrs__standard-list-random__preview.png","日本語赤字一覧（ランダム）","81/rrs/81__rrs__redsheet-list-random__full.pdf","81/rrs/81__rrs__redsheet-list-random__sample.pdf","81/rrs/81__rrs__redsheet-list-random__preview.png","","ready-for-note-draft"
"81","実践IELTS 英単語3500 改訂版","E","英語空欄","3499","ready","英語空欄テスト","81/e/81__e__english-blank-test__full.pdf","81/e/81__e__english-blank-test__sample.pdf","81/e/81__e__english-blank-test__preview.png","解答","81/e/81__e__answer__full.pdf","81/e/81__e__answer__sample.pdf","81/e/81__e__answer__preview.png","","ready-for-note-draft"
"83","ターゲット1900 6訂版","RRS","ランダム赤シート","1900","ready","通常一覧（ランダム）","83/rrs/83__rrs__standard-list-random__full.pdf","83/rrs/83__rrs__standard-list-random__sample.pdf","83/rrs/83__rrs__standard-list-random__preview.png","日本語赤字一覧（ランダム）","83/rrs/83__rrs__redsheet-list-random__full.pdf","83/rrs/83__rrs__redsheet-list-random__sample.pdf","83/rrs/83__rrs__redsheet-list-random__preview.png","","ready-for-note-draft"
"84","システム英単語 5訂版","R","ランダム・日本語空欄","2027","ready","日本語空欄テスト（ランダム）","84/r/84__r__japanese-blank-test-random__full.pdf","84/r/84__r__japanese-blank-test-random__sample.pdf","84/r/84__r__japanese-blank-test-random__preview.png","解答（ランダム）","84/r/84__r__answer-random__full.pdf","84/r/84__r__answer-random__sample.pdf","84/r/84__r__answer-random__preview.png","","ready-for-note-draft"
"84","システム英単語 5訂版","RS","赤シート","2027","ready","通常一覧","84/rs/84__rs__standard-list__full.pdf","84/rs/84__rs__standard-list__sample.pdf","84/rs/84__rs__standard-list__preview.png","日本語赤字一覧","84/rs/84__rs__redsheet-list__full.pdf","84/rs/84__rs__redsheet-list__sample.pdf","84/rs/84__rs__redsheet-list__preview.png","","ready-for-note-draft"
"84","システム英単語 5訂版","RRS","ランダム赤シート","2027","ready","通常一覧（ランダム）","84/rrs/84__rrs__standard-list-random__full.pdf","84/rrs/84__rrs__standard-list-random__sample.pdf","84/rrs/84__rrs__standard-list-random__preview.png","日本語赤字一覧（ランダム）","84/rrs/84__rrs__redsheet-list-random__full.pdf","84/rrs/84__rrs__redsheet-list-random__sample.pdf","84/rrs/84__rrs__redsheet-list-random__preview.png","","ready-for-note-draft"
"84","システム英単語 5訂版","E","英語空欄","2027","ready","英語空欄テスト","84/e/84__e__english-blank-test__full.pdf","84/e/84__e__english-blank-test__sample.pdf","84/e/84__e__english-blank-test__preview.png","解答","84/e/84__e__answer__full.pdf","84/e/84__e__answer__sample.pdf","84/e/84__e__answer__preview.png","","ready-for-note-draft"
"85","速読英単語 入門編 改訂第三版","N","通常・日本語空欄","1450","ready","日本語空欄テスト","85/n/85__n__japanese-blank-test__full.pdf","85/n/85__n__japanese-blank-test__sample.pdf","85/n/85__n__japanese-blank-test__preview.png","解答","85/n/85__n__answer__full.pdf","85/n/85__n__answer__sample.pdf","85/n/85__n__answer__preview.png","","ready-for-note-draft"
"85","速読英単語 入門編 改訂第三版","R","ランダム・日本語空欄","1450","ready","日本語空欄テスト（ランダム）","85/r/85__r__japanese-blank-test-random__full.pdf","85/r/85__r__japanese-blank-test-random__sample.pdf","85/r/85__r__japanese-blank-test-random__preview.png","解答（ランダム）","85/r/85__r__answer-random__full.pdf","85/r/85__r__answer-random__sample.pdf","85/r/85__r__answer-random__preview.png","","ready-for-note-draft"
"85","速読英単語 入門編 改訂第三版","RS","赤シート","1450","ready","通常一覧","85/rs/85__rs__standard-list__full.pdf","85/rs/85__rs__standard-list__sample.pdf","85/rs/85__rs__standard-list__preview.png","日本語赤字一覧","85/rs/85__rs__redsheet-list__full.pdf","85/rs/85__rs__redsheet-list__sample.pdf","85/rs/85__rs__redsheet-list__preview.png","","ready-for-note-draft"
"85","速読英単語 入門編 改訂第三版","RRS","ランダム赤シート","1450","ready","通常一覧（ランダム）","85/rrs/85__rrs__standard-list-random__full.pdf","85/rrs/85__rrs__standard-list-random__sample.pdf","85/rrs/85__rrs__standard-list-random__preview.png","日本語赤字一覧（ランダム）","85/rrs/85__rrs__redsheet-list-random__full.pdf","85/rrs/85__rrs__redsheet-list-random__sample.pdf","85/rrs/85__rrs__redsheet-list-random__preview.png","","ready-for-note-draft"
"85","速読英単語 入門編 改訂第三版","E","英語空欄","1450","ready","英語空欄テスト","85/e/85__e__english-blank-test__full.pdf","85/e/85__e__english-blank-test__sample.pdf","85/e/85__e__english-blank-test__preview.png","解答","85/e/85__e__answer__full.pdf","85/e/85__e__answer__sample.pdf","85/e/85__e__answer__preview.png","","ready-for-note-draft"
"86","ターゲット1200 改訂版","N","通常・日本語空欄","1700","ready","日本語空欄テスト","86/n/86__n__japanese-blank-test__full.pdf","86/n/86__n__japanese-blank-test__sample.pdf","86/n/86__n__japanese-blank-test__preview.png","解答","86/n/86__n__answer__full.pdf","86/n/86__n__answer__sample.pdf","86/n/86__n__answer__preview.png","","ready-for-note-draft"
"86","ターゲット1200 改訂版","R","ランダム・日本語空欄","1700","ready","日本語空欄テスト（ランダム）","86/r/86__r__japanese-blank-test-random__full.pdf","86/r/86__r__japanese-blank-test-random__sample.pdf","86/r/86__r__japanese-blank-test-random__preview.png","解答（ランダム）","86/r/86__r__answer-random__full.pdf","86/r/86__r__answer-random__sample.pdf","86/r/86__r__answer-random__preview.png","","ready-for-note-draft"
"86","ターゲット1200 改訂版","RS","赤シート","1700","ready","通常一覧","86/rs/86__rs__standard-list__full.pdf","86/rs/86__rs__standard-list__sample.pdf","86/rs/86__rs__standard-list__preview.png","日本語赤字一覧","86/rs/86__rs__redsheet-list__full.pdf","86/rs/86__rs__redsheet-list__sample.pdf","86/rs/86__rs__redsheet-list__preview.png","","ready-for-note-draft"
"86","ターゲット1200 改訂版","RRS","ランダム赤シート","1700","ready","通常一覧（ランダム）","86/rrs/86__rrs__standard-list-random__full.pdf","86/rrs/86__rrs__standard-list-random__sample.pdf","86/rrs/86__rrs__standard-list-random__preview.png","日本語赤字一覧（ランダム）","86/rrs/86__rrs__redsheet-list-random__full.pdf","86/rrs/86__rrs__redsheet-list-random__sample.pdf","86/rrs/86__rrs__redsheet-list-random__preview.png","","ready-for-note-draft"
"86","ターゲット1200 改訂版","E","英語空欄","1700","ready","英語空欄テスト","86/e/86__e__english-blank-test__full.pdf","86/e/86__e__english-blank-test__sample.pdf","86/e/86__e__english-blank-test__preview.png","解答","86/e/86__e__answer__full.pdf","86/e/86__e__answer__sample.pdf","86/e/86__e__answer__preview.png","","ready-for-note-draft"
"87","単熟語EX　英検準1級　第二版","N","通常・日本語空欄","2412","ready","日本語空欄テスト","87/n/87__n__japanese-blank-test__full.pdf","87/n/87__n__japanese-blank-test__sample.pdf","87/n/87__n__japanese-blank-test__preview.png","解答","87/n/87__n__answer__full.pdf","87/n/87__n__answer__sample.pdf","87/n/87__n__answer__preview.png","","ready-for-note-draft"
"87","単熟語EX　英検準1級　第二版","R","ランダム・日本語空欄","2412","ready","日本語空欄テスト（ランダム）","87/r/87__r__japanese-blank-test-random__full.pdf","87/r/87__r__japanese-blank-test-random__sample.pdf","87/r/87__r__japanese-blank-test-random__preview.png","解答（ランダム）","87/r/87__r__answer-random__full.pdf","87/r/87__r__answer-random__sample.pdf","87/r/87__r__answer-random__preview.png","","ready-for-note-draft"
"87","単熟語EX　英検準1級　第二版","RS","赤シート","2412","ready","通常一覧","87/rs/87__rs__standard-list__full.pdf","87/rs/87__rs__standard-list__sample.pdf","87/rs/87__rs__standard-list__preview.png","日本語赤字一覧","87/rs/87__rs__redsheet-list__full.pdf","87/rs/87__rs__redsheet-list__sample.pdf","87/rs/87__rs__redsheet-list__preview.png","","ready-for-note-draft"
"87","単熟語EX　英検準1級　第二版","RRS","ランダム赤シート","2412","ready","通常一覧（ランダム）","87/rrs/87__rrs__standard-list-random__full.pdf","87/rrs/87__rrs__standard-list-random__sample.pdf","87/rrs/87__rrs__standard-list-random__preview.png","日本語赤字一覧（ランダム）","87/rrs/87__rrs__redsheet-list-random__full.pdf","87/rrs/87__rrs__redsheet-list-random__sample.pdf","87/rrs/87__rrs__redsheet-list-random__preview.png","","ready-for-note-draft"
"87","単熟語EX　英検準1級　第二版","E","英語空欄","2412","ready","英語空欄テスト","87/e/87__e__english-blank-test__full.pdf","87/e/87__e__english-blank-test__sample.pdf","87/e/87__e__english-blank-test__preview.png","解答","87/e/87__e__answer__full.pdf","87/e/87__e__answer__sample.pdf","87/e/87__e__answer__preview.png","","ready-for-note-draft"
"88","速読英単語 上級編","N","通常・日本語空欄","1257","ready","日本語空欄テスト","88/n/88__n__japanese-blank-test__full.pdf","88/n/88__n__japanese-blank-test__sample.pdf","88/n/88__n__japanese-blank-test__preview.png","解答","88/n/88__n__answer__full.pdf","88/n/88__n__answer__sample.pdf","88/n/88__n__answer__preview.png","","ready-for-note-draft"
"88","速読英単語 上級編","R","ランダム・日本語空欄","1257","ready","日本語空欄テスト（ランダム）","88/r/88__r__japanese-blank-test-random__full.pdf","88/r/88__r__japanese-blank-test-random__sample.pdf","88/r/88__r__japanese-blank-test-random__preview.png","解答（ランダム）","88/r/88__r__answer-random__full.pdf","88/r/88__r__answer-random__sample.pdf","88/r/88__r__answer-random__preview.png","","ready-for-note-draft"
"88","速読英単語 上級編","RS","赤シート","1257","ready","通常一覧","88/rs/88__rs__standard-list__full.pdf","88/rs/88__rs__standard-list__sample.pdf","88/rs/88__rs__standard-list__preview.png","日本語赤字一覧","88/rs/88__rs__redsheet-list__full.pdf","88/rs/88__rs__redsheet-list__sample.pdf","88/rs/88__rs__redsheet-list__preview.png","","ready-for-note-draft"
"88","速読英単語 上級編","RRS","ランダム赤シート","1257","ready","通常一覧（ランダム）","88/rrs/88__rrs__standard-list-random__full.pdf","88/rrs/88__rrs__standard-list-random__sample.pdf","88/rrs/88__rrs__standard-list-random__preview.png","日本語赤字一覧（ランダム）","88/rrs/88__rrs__redsheet-list-random__full.pdf","88/rrs/88__rrs__redsheet-list-random__sample.pdf","88/rrs/88__rrs__redsheet-list-random__preview.png","","ready-for-note-draft"
"88","速読英単語 上級編","E","英語空欄","1257","ready","英語空欄テスト","88/e/88__e__english-blank-test__full.pdf","88/e/88__e__english-blank-test__sample.pdf","88/e/88__e__english-blank-test__preview.png","解答","88/e/88__e__answer__full.pdf","88/e/88__e__answer__sample.pdf","88/e/88__e__answer__preview.png","","ready-for-note-draft"
"90","必携英単語LEAP 改訂版","R","ランダム・日本語空欄","2300","ready","日本語空欄テスト（ランダム）","90/r/90__r__japanese-blank-test-random__full.pdf","90/r/90__r__japanese-blank-test-random__sample.pdf","90/r/90__r__japanese-blank-test-random__preview.png","解答（ランダム）","90/r/90__r__answer-random__full.pdf","90/r/90__r__answer-random__sample.pdf","90/r/90__r__answer-random__preview.png","","ready-for-note-draft"
"90","必携英単語LEAP 改訂版","RS","赤シート","2300","ready","通常一覧","90/rs/90__rs__standard-list__full.pdf","90/rs/90__rs__standard-list__sample.pdf","90/rs/90__rs__standard-list__preview.png","日本語赤字一覧","90/rs/90__rs__redsheet-list__full.pdf","90/rs/90__rs__redsheet-list__sample.pdf","90/rs/90__rs__redsheet-list__preview.png","","ready-for-note-draft"
"90","必携英単語LEAP 改訂版","RRS","ランダム赤シート","2300","ready","通常一覧（ランダム）","90/rrs/90__rrs__standard-list-random__full.pdf","90/rrs/90__rrs__standard-list-random__sample.pdf","90/rrs/90__rrs__standard-list-random__preview.png","日本語赤字一覧（ランダム）","90/rrs/90__rrs__redsheet-list-random__full.pdf","90/rrs/90__rrs__redsheet-list-random__sample.pdf","90/rrs/90__rrs__redsheet-list-random__preview.png","","ready-for-note-draft"
"90","必携英単語LEAP 改訂版","E","英語空欄","2300","ready","英語空欄テスト","90/e/90__e__english-blank-test__full.pdf","90/e/90__e__english-blank-test__sample.pdf","90/e/90__e__english-blank-test__preview.png","解答","90/e/90__e__answer__full.pdf","90/e/90__e__answer__sample.pdf","90/e/90__e__answer__preview.png","","ready-for-note-draft"
